title,company,location,link,source
GençİZ'25 - Uzun Dönem Staj Progr...,Akçansa,,https://www.youthall.com/en/Akcansa/genciz25-uzun-donem-staj-programi_45/,youthall
eChargeUp,EŞARJ Elektrikli Araçlar Şarj Sistemleri,,https://www.youthall.com/en/esarj/echargeup_1/,youthall
ProYoung Uzun Dönem Staj Programı,Prometeon,,https://www.youthall.com/en/Prometeon/proyoung-uzun-donem-staj-programi_25/,youthall
Pioneers In Progress Long Term In...,Shell,,https://www.youthall.com/en/Shell/pioneers-in-progress-long-term-internship-marketing_1138/,youthall
AbbVie Fresh Graduate Program,AbbVie,,https://www.youthall.com/en/abbvie/abbvie-fresh-graduate-program_89/,youthall
Future Leader Trainee,Acıbadem,,https://www.youthall.com/en/acibadem/future-leader-trainee_6/,youthall
Efes'te Bir Gün,Anadolu Efes,,https://www.youthall.com/en/AnadoluEfes/efeste-bir-gun_13/,youthall
Akbank Fellowship Programı,Akbank,,https://www.youthall.com/en/Akbank/akbank-fellowship-programi_9/,youthall
Online Show Presenter /relocation...,Manpower Bulgaria,,https://www.youthall.com/en/manpowerbulgaria/online-show-presenter-relocation-to-serbia_1/,youthall
Uzun Dönem Stajyer - Hazine Opera...,Alternatif Bank,,https://www.youthall.com/en/AlternatifBank/uzun-donem-stajyer-hazine-operasyon_389/,youthall
Pioneers In Progress Long Term In...,Shell,,https://www.youthall.com/en/Shell/pioneers-in-progress-long-term-internship-marketing_1138/,youthall
Enerjim Tamam Genç Yetenek Progra...,Aydem Enerji,,https://www.youthall.com/en/aydemenerji/enerjim-tamam-genc-yetenek-programi_3/,youthall
AbbVie Fresh Graduate Program,AbbVie,,https://www.youthall.com/en/abbvie/abbvie-fresh-graduate-program_89/,youthall
Finance & Accounting Intern,EGGER,,https://www.youthall.com/en/EGGER/finance-accounting-intern_28/,youthall
Logistics Intern,EGGER,,https://www.youthall.com/en/EGGER/logistics-intern_27/,youthall
"""Önce İşe Başla, Sonra Öde"" Code2...",Code2Work,,https://www.youthall.com/en/code2work/once-ise-basla-sonra-ode-code2work-yazilimci-ve-veri-bilimci-yetistirme-programi_1/,youthall
Part-Time Working Student (Softwa...,Siemens,,https://www.youthall.com/en/siemens/part-time-working-student-software-engineering-for-talents-with-disabilities_4/,youthall
Dijital Ürün Stajyeri,Mayadem Tech,,https://www.youthall.com/en/mayadem/dijital-urun-stajyeri_10/,youthall
Colobrix Sales Academy,Colobrix,,https://www.youthall.com/en/colobrix/colobrix-sales-academy_1/,youthall
Satış Destek Stajyeri,Tchibo,,https://www.youthall.com/en/tchibo/satis-destek-stajyeri_104/,youthall
Uzun Dönem Stajyer - Portföy ve P...,Alternatif Bank,,https://www.youthall.com/en/AlternatifBank/uzun-donem-stajyer-portfoy-ve-program-yonetimi_388/,youthall
Uzun Dönem Stajyer - Muhasebe,Alternatif Bank,,https://www.youthall.com/en/AlternatifBank/uzun-donem-stajyer-muhasebe_387/,youthall
YEO Yaz Staj Programı - Mühendisl...,YEO,,https://www.youthall.com/en/yeo/yeo-yaz-staj-programi-muhendislik_6/,youthall
YEO Yaz Staj Programı - İİBF,YEO,,https://www.youthall.com/en/yeo/yeo-yaz-staj-programi-iibf_5/,youthall
GPU Physical Design Intern,Apple,,https://www.youthall.com/en/apple/gpu-physical-design-intern_14/,youthall
"Launch@Apple, Finance Development...",Apple,,https://www.youthall.com/en/apple/launch-apple-finance-development-experience_13/,youthall
Finance Development Program - 202...,Apple,,https://www.youthall.com/en/apple/finance-development-program-2026-internship-opportunities-california-united-states_12/,youthall
Finance Development Program - 202...,Apple,,https://www.youthall.com/en/apple/finance-development-program-2026-internship-opportunities-texas-united-states_11/,youthall
MBA Internships - Summer 2026,Apple,,https://www.youthall.com/en/apple/mba-internships-summer-2026_10/,youthall
Hardware Engineering Internships,Apple,,https://www.youthall.com/en/apple/hardware-engineering-internships_9/,youthall
"Operations, Manufacturing Design...",Apple,,https://www.youthall.com/en/apple/operations-manufacturing-design-internships_8/,youthall
Machine Learning / AI Internships,Apple,,https://www.youthall.com/en/apple/machine-learning-ai-internships_7/,youthall
"Business, Marketing, and G&A Inte...",Apple,,https://www.youthall.com/en/apple/business-marketing-and-g-a-internships_6/,youthall
Software Engineering Internships,Apple,,https://www.youthall.com/en/apple/software-engineering-internships_5/,youthall
Engineering Program Management In...,Apple,,https://www.youthall.com/en/apple/engineering-program-management-internships_4/,youthall
Hardware Technology Internships,Apple,,https://www.youthall.com/en/apple/hardware-technology-internships_3/,youthall
"Product Design, Mechanical Engine...",Apple,,https://www.youthall.com/en/apple/product-design-mechanical-engineering-and-materials-internships_2/,youthall
Legal and Global Security Interns...,Apple,,https://www.youthall.com/en/apple/legal-and-global-security-internships_1/,youthall
eChargeUp,EŞARJ Elektrikli Araçlar Şarj Sistemleri,,https://www.youthall.com/en/esarj/echargeup_1/,youthall
Python Specialization Trainee,Epam Türkiye,,https://www.youthall.com/en/epamturkiye/python-specialization-trainee_31/,youthall
Data Software Engineering Trainee,Epam Türkiye,,https://www.youthall.com/en/epamturkiye/data-software-engineering-trainee_30/,youthall
.Net Development Trainee,Epam Türkiye,,https://www.youthall.com/en/epamturkiye/net-development-trainee_29/,youthall
Kredi Tahsis Yetkili Yardımcısı,Burgan Bank,,https://www.youthall.com/en/BurganBank/kredi-tahsis-yetkili-yardimcisi_66/,youthall
Veri Bilimci Yetiştirme Eğitimi,Code2Work,,https://www.youthall.com/en/code2work/veri-bilimci-yetistirme-egitimi_2/,youthall
Global Graduate in HR,BAT Türkiye,,https://www.youthall.com/en/batturkeycareers/global-graduate-in-hr_169/,youthall
Global Graduate in Marketing,BAT Türkiye,,https://www.youthall.com/en/batturkeycareers/global-graduate-in-marketing_168/,youthall
Global Graduate in Trade,BAT Türkiye,,https://www.youthall.com/en/batturkeycareers/global-graduate-in-trade_164/,youthall
Future Leader Trainee,Acıbadem,,https://www.youthall.com/en/acibadem/future-leader-trainee_6/,youthall
Jr. Digital Marketing Specialist,MooF Dijital Reklam Ajansı,,https://www.youthall.com/en/moof/jr-digital-marketing-specialist_17/,youthall
Kalite Stajyeri,Tchibo,,https://www.youthall.com/en/tchibo/kalite-stajyeri_103/,youthall
Genel Başvuru (Yayın & Operasyon),Karnaval Medya Grubu,,https://www.youthall.com/en/karnaval/genel-basvuru-yayin-operasyon_2/,youthall
Genel Başvuru (Teknoloji),Karnaval Medya Grubu,,https://www.youthall.com/en/karnaval/genel-basvuru-teknoloji_3/,youthall
Genel Başvuru (Satış & Pazarlama),Karnaval Medya Grubu,,https://www.youthall.com/en/karnaval/genel-basvuru-satis-pazarlama_4/,youthall
Genel Başvuru (İdari),Karnaval Medya Grubu,,https://www.youthall.com/en/karnaval/genel-basvuru-idari_5/,youthall
ProYoung Uzun Dönem Staj Programı,Prometeon,,https://www.youthall.com/en/Prometeon/proyoung-uzun-donem-staj-programi_25/,youthall
Fotoğraf Asistanı,Muhiku,,https://www.youthall.com/en/Muhiku/fotograf-asistani_6/,youthall
GençİZ'25 - Uzun Dönem Staj Progr...,Akçansa,,https://www.youthall.com/en/Akcansa/genciz25-uzun-donem-staj-programi_45/,youthall
MZV-MEF YetGen 21. Yüzyıl Yetkinl...,YetGen,,https://www.youthall.com/en/YetGen/mzv-mef-yetgen-21-yuzyil-yetkinlikleri-farkindalik-programi_3/,youthall
GİRVAK Fellow ve Challenger Progr...,Girişimcilik Vakfı,,https://www.youthall.com/en/girisimcilikvakfi/girvak-fellow-ve-challenger-programlari-basvuru-sureci-basladi_13/,youthall
DENETÇİ YARDIMCISI,MMB BAĞIMSIZ DENETİM VE DANIŞMANLIK,İstanbul Anadolu,https://toptalent.co/mmb-bagimsiz-denetim-ve-danismanlik-denetci-yardimcisi-120636,toptalent
Customer Service – Long Term Intern,DÖHLER,İstanbul Anadolu,https://toptalent.co/dohler-customer-service-long-term-intern-120629,toptalent
Supply Chain - Long Term Intern,DÖHLER,İstanbul Anadolu,https://toptalent.co/dohler-supply-chain-long-term-intern-120622,toptalent
CRM Data Entry Intern (Remote),toptalent.co,Tüm Türkiye,https://toptalent.co/toptalent-crm-data-entry-intern-remote-120608,toptalent
Video Prodüksiyon Uzmanı (Freelance),Medical Center Turkey,İstanbul Anadolu,https://toptalent.co/medical-center-turkey-video-editoru-120594,toptalent
Çağrı Merkezi Müşteri Temsilcisi,DOĞUŞ AVRASYA BİLİŞİM,Ankara,https://toptalent.co/dogus-avrasya-bilisim-cagri-merkezi-musteri-temsilcisi-120573,toptalent
Çağrı Merkezi Temsilcisi,Medical Center Turkey,İstanbul Anadolu,https://toptalent.co/medical-center-turkey-cagri-merkezi-temsilcisi-120566,toptalent
Dijital Pazarlama Stajyeri,Medical Center Turkey,Tüm Türkiye,https://toptalent.co/medical-center-turkey-online-pazarlama-uzmani-120559,toptalent
4 Seasons Proje Stajyerliği - Sen Varsan Engel Yok,Renault Group,Bursa,https://toptalent.co/renault-turkiye-4-seasons-proje-stajyerligi-sen-varsan-engel-yok-engelli-birey-120216,toptalent
4 Seasons - Satınalma Proje Stajyerliği,Renault Group,Bursa,https://toptalent.co/renault-turkiye-4-seasons-satinalma-proje-stajyerligi-120118,toptalent
4 Seasons - Kurumsal Süreçler Proje Stajyerliği,Renault Group,Bursa,https://toptalent.co/renault-turkiye-4-seasons-kurumsal-surecler-proje-stajyerligi-120125,toptalent
Sosyal Medya Asistanı,FES GAYRİMENLUK DANIŞMANLIK,İzmir,https://toptalent.co/fes-gayrimenluk-danismanlik-sosyal-medya-asistani-120531,toptalent
Müşteri Hizmetleri Temsilcisi,SEKTÖREL HABER MERKEZİ,İstanbul Avrupa,https://toptalent.co/sektorel-haber-merkezi-musteri-hizmetleri-temsilcisi-120524,toptalent
Grafik Tasarım Uzmanı,NOP.digital,İzmir,https://toptalent.co/nop-digital-grafik-tasarim-uzmani-120517,toptalent
4 Seasons - Mühendislik Fonksiyonları Proje Stajyerliği,Renault Group,Bursa,https://toptalent.co/renault-turkiye-4-seasons-muhendislik-fonksiyonlari-proje-stajyerligi-120055,toptalent
